"0","# install.packages(""devtools"")"
"0","# devtools::install_github(""rmcurtis43/combineR"")"
"0","# install.packages(""nflreadr"")"
"0","# remotes::install_github(""rstudio/htmltools"")"
"0","# install.packages(""htmltools"")"
"0","# install.packages(""tidyverse"")"
"0","#install.packages(""ggcorrplot"")"
"0","#devtools::install_github(""ricardo-bion/ggradar"", dependencies = TRUE)"
"0","#install.packages(""ggwordcloud"")"
"0",""
"0","library(""ggradar"")"
"0","library(""nflreadr"")"
"0","library(""ggplot2"")"
"0","library(""tidyverse"")"
"0","library(""ggcorrplot"")"
"0","library(""ggwordcloud"")"
